Timestamp,Zone,Panel_ID,Power_kW,Irradiance_Wm2,Temperature_C,Status
2026-03-01 06:00,Alpha,A-001,3.08,763,43,Operational
2026-03-01 06:00,Alpha,A-002,3.48,801,53,Operational
2026-03-01 06:00,Alpha,A-003,2.76,583,54,Operational
2026-03-01 06:00,Alpha,A-004,3.81,974,60,Operational
2026-03-01 06:00,Alpha,A-005,1.35,713,74,Degraded
2026-03-01 06:00,Alpha,A-006,0,635,71,Fault
2026-03-01 06:00,Alpha,A-007,3.38,912,68,Operational
2026-03-01 06:00,Alpha,A-008,3.66,865,41,Operational
2026-03-01 06:00,Alpha,A-009,0,859,79,Fault
2026-03-01 06:00,Alpha,A-010,1.27,987,36,Degraded
2026-03-01 06:00,Beta,B-001,3.83,954,50,Operational
2026-03-01 06:00,Beta,B-002,4.57,978,42,Operational
2026-03-01 06:00,Beta,B-003,3.06,670,57,Operational
2026-03-01 06:00,Beta,B-004,3.94,882,58,Operational
2026-03-01 06:00,Beta,B-005,1.29,731,60,Degraded
2026-03-01 06:00,Beta,B-006,2.73,767,38,Operational
2026-03-01 06:00,Beta,B-007,2.79,767,42,Operational
2026-03-01 06:00,Beta,B-008,3.3,892,50,Operational
2026-03-01 06:00,Beta,B-009,1.93,501,60,Operational
2026-03-01 06:00,Beta,B-010,3.82,886,36,Operational
2026-03-01 06:00,Gamma,G-001,2.31,470,72,Operational
2026-03-01 06:00,Gamma,G-002,1.53,566,35,Degraded
2026-03-01 06:00,Gamma,G-003,0,982,74,Fault
2026-03-01 06:00,Gamma,G-004,0,733,82,Fault
2026-03-01 06:00,Gamma,G-005,1.91,421,35,Operational
2026-03-01 06:00,Gamma,G-006,0.77,401,70,Degraded
2026-03-01 06:00,Gamma,G-007,1.81,430,47,Operational
2026-03-01 06:00,Gamma,G-008,2.18,831,55,Degraded
2026-03-01 06:00,Gamma,G-009,0,829,74,Fault
2026-03-01 06:00,Gamma,G-010,2.19,550,67,Operational
2026-03-01 06:00,Delta,D-001,2.74,697,37,Operational
2026-03-01 06:00,Delta,D-002,1.34,606,70,Degraded
2026-03-01 06:00,Delta,D-003,4.06,960,62,Operational
2026-03-01 06:00,Delta,D-004,1.31,567,72,Degraded
2026-03-01 06:00,Delta,D-005,0,419,72,Fault
2026-03-01 06:00,Delta,D-006,3.84,883,50,Operational
2026-03-01 06:00,Delta,D-007,2.95,767,74,Operational
2026-03-01 06:00,Delta,D-008,1.66,461,35,Operational
2026-03-01 06:00,Delta,D-009,0,506,70,Fault
2026-03-01 06:00,Delta,D-010,3.41,929,38,Operational
2026-03-01 06:00,Epsilon,E-001,2.85,696,51,Operational
2026-03-01 06:00,Epsilon,E-002,3.31,881,74,Operational
2026-03-01 06:00,Epsilon,E-003,4.31,930,51,Operational
2026-03-01 06:00,Epsilon,E-004,0.86,710,54,Degraded
2026-03-01 06:00,Epsilon,E-005,1.13,881,49,Degraded
2026-03-01 06:00,Epsilon,E-006,1.05,646,68,Degraded
2026-03-01 06:00,Epsilon,E-007,1.3,775,41,Degraded
2026-03-01 06:00,Epsilon,E-008,2.74,981,69,Degraded
2026-03-01 06:00,Epsilon,E-009,3.55,994,57,Operational
2026-03-01 06:00,Epsilon,E-010,0.92,625,59,Degraded
2026-03-01 07:00,Alpha,A-001,1.06,797,56,Degraded
2026-03-01 07:00,Alpha,A-002,0,776,79,Fault
2026-03-01 07:00,Alpha,A-003,1.7,405,74,Operational
2026-03-01 07:00,Alpha,A-004,2.38,608,50,Operational
2026-03-01 07:00,Alpha,A-005,0.9,457,64,Degraded
2026-03-01 07:00,Alpha,A-006,0,953,82,Fault
2026-03-01 07:00,Alpha,A-007,3.22,680,70,Operational
2026-03-01 07:00,Alpha,A-008,3.74,941,59,Operational
2026-03-01 07:00,Alpha,A-009,2.01,961,62,Degraded
2026-03-01 07:00,Alpha,A-010,1.37,739,65,Degraded
2026-03-01 07:00,Beta,B-001,3.22,772,50,Operational
2026-03-01 07:00,Beta,B-002,2.21,594,73,Operational
2026-03-01 07:00,Beta,B-003,2.94,621,72,Operational
2026-03-01 07:00,Beta,B-004,2.88,607,66,Operational
2026-03-01 07:00,Beta,B-005,2.14,438,68,Operational
2026-03-01 07:00,Beta,B-006,0,798,81,Fault
2026-03-01 07:00,Beta,B-007,1.18,741,64,Degraded
2026-03-01 07:00,Beta,B-008,3.95,897,36,Operational
2026-03-01 07:00,Beta,B-009,3.31,788,44,Operational
2026-03-01 07:00,Beta,B-010,2.13,536,55,Operational
2026-03-01 07:00,Gamma,G-001,2.15,993,48,Degraded
2026-03-01 07:00,Gamma,G-002,0,989,73,Fault
2026-03-01 07:00,Gamma,G-003,1.04,607,46,Degraded
2026-03-01 07:00,Gamma,G-004,1.96,460,56,Operational
2026-03-01 07:00,Gamma,G-005,0,680,72,Fault
2026-03-01 07:00,Gamma,G-006,1.07,485,65,Degraded
2026-03-01 07:00,Gamma,G-007,1.54,687,70,Degraded
2026-03-01 07:00,Gamma,G-008,4.05,826,69,Operational
2026-03-01 07:00,Gamma,G-009,1.86,885,48,Degraded
2026-03-01 07:00,Gamma,G-010,3.58,954,63,Operational
2026-03-01 07:00,Delta,D-001,3.59,905,54,Operational
2026-03-01 07:00,Delta,D-002,0,919,85,Fault
2026-03-01 07:00,Delta,D-003,0,674,77,Fault
2026-03-01 07:00,Delta,D-004,2.94,707,74,Operational
2026-03-01 07:00,Delta,D-005,2.02,423,39,Operational
2026-03-01 07:00,Delta,D-006,4.43,959,49,Operational
2026-03-01 07:00,Delta,D-007,3.2,727,37,Operational
2026-03-01 07:00,Delta,D-008,4.29,958,38,Operational
2026-03-01 07:00,Delta,D-009,1.84,520,36,Operational
2026-03-01 07:00,Delta,D-010,1.77,758,38,Degraded
2026-03-01 07:00,Epsilon,E-001,2.39,502,47,Operational
2026-03-01 07:00,Epsilon,E-002,0,680,80,Fault
2026-03-01 07:00,Epsilon,E-003,2.39,539,53,Operational
2026-03-01 07:00,Epsilon,E-004,3.67,882,37,Operational
2026-03-01 07:00,Epsilon,E-005,4.3,1000,50,Operational
2026-03-01 07:00,Epsilon,E-006,2.36,529,43,Operational
2026-03-01 07:00,Epsilon,E-007,1.39,735,43,Degraded
2026-03-01 07:00,Epsilon,E-008,0,824,83,Fault
2026-03-01 07:00,Epsilon,E-009,2.65,555,53,Operational
2026-03-01 07:00,Epsilon,E-010,1.72,830,74,Degraded
2026-03-01 08:00,Alpha,A-001,1.79,818,42,Degraded
2026-03-01 08:00,Alpha,A-002,0,600,75,Fault
2026-03-01 08:00,Alpha,A-003,3.49,828,43,Operational
2026-03-01 08:00,Alpha,A-004,3.27,656,68,Operational
2026-03-01 08:00,Alpha,A-005,0.98,522,54,Degraded
2026-03-01 08:00,Alpha,A-006,2.15,506,38,Operational
2026-03-01 08:00,Alpha,A-007,0,871,72,Fault
2026-03-01 08:00,Alpha,A-008,4.21,976,44,Operational
2026-03-01 08:00,Alpha,A-009,2,498,63,Operational
2026-03-01 08:00,Alpha,A-010,2.92,730,62,Operational
2026-03-01 08:00,Beta,B-001,1.73,818,39,Degraded
2026-03-01 08:00,Beta,B-002,1.92,416,74,Operational
2026-03-01 08:00,Beta,B-003,1.03,881,41,Degraded
2026-03-01 08:00,Beta,B-004,2.31,503,55,Operational
2026-03-01 08:00,Beta,B-005,2.76,677,75,Operational
2026-03-01 08:00,Beta,B-006,2.2,540,48,Operational
2026-03-01 08:00,Beta,B-007,3.11,736,49,Operational
2026-03-01 08:00,Beta,B-008,1.68,779,69,Degraded
2026-03-01 08:00,Beta,B-009,3.47,770,52,Operational
2026-03-01 08:00,Beta,B-010,2.14,824,57,Degraded
2026-03-01 08:00,Gamma,G-001,3.24,921,57,Operational
2026-03-01 08:00,Gamma,G-002,2.83,715,71,Operational
2026-03-01 08:00,Gamma,G-003,3.56,980,51,Operational
2026-03-01 08:00,Gamma,G-004,0,983,73,Fault
2026-03-01 08:00,Gamma,G-005,3.47,701,37,Operational
2026-03-01 08:00,Gamma,G-006,3.38,681,43,Operational
2026-03-01 08:00,Gamma,G-007,0,715,81,Fault
2026-03-01 08:00,Gamma,G-008,1.06,831,71,Degraded
2026-03-01 08:00,Gamma,G-009,3.23,841,43,Operational
2026-03-01 08:00,Gamma,G-010,2.49,616,59,Operational
2026-03-01 08:00,Delta,D-001,0,662,80,Fault
2026-03-01 08:00,Delta,D-002,1.63,427,53,Operational
2026-03-01 08:00,Delta,D-003,1.99,556,59,Operational
2026-03-01 08:00,Delta,D-004,4.23,937,43,Operational
2026-03-01 08:00,Delta,D-005,2.41,566,70,Operational
2026-03-01 08:00,Delta,D-006,3.12,752,39,Operational
2026-03-01 08:00,Delta,D-007,2.49,569,52,Operational
2026-03-01 08:00,Delta,D-008,3.06,781,64,Operational
2026-03-01 08:00,Delta,D-009,1.88,808,44,Degraded
2026-03-01 08:00,Delta,D-010,1.44,600,50,Degraded
2026-03-01 08:00,Epsilon,E-001,3.98,828,39,Operational
2026-03-01 08:00,Epsilon,E-002,2.64,558,69,Operational
2026-03-01 08:00,Epsilon,E-003,2.09,532,55,Operational
2026-03-01 08:00,Epsilon,E-004,1.5,629,40,Degraded
2026-03-01 08:00,Epsilon,E-005,3.11,819,38,Operational
2026-03-01 08:00,Epsilon,E-006,3.28,717,49,Operational
2026-03-01 08:00,Epsilon,E-007,3.29,800,43,Operational
2026-03-01 08:00,Epsilon,E-008,1.33,795,44,Degraded
2026-03-01 08:00,Epsilon,E-009,0,491,77,Fault
2026-03-01 08:00,Epsilon,E-010,2.09,845,52,Degraded
2026-03-01 09:00,Alpha,A-001,3.65,907,53,Operational
2026-03-01 09:00,Alpha,A-002,3.39,692,72,Operational
2026-03-01 09:00,Alpha,A-003,2.14,472,68,Operational
2026-03-01 09:00,Alpha,A-004,4.17,851,47,Operational
2026-03-01 09:00,Alpha,A-005,2.5,525,63,Operational
2026-03-01 09:00,Alpha,A-006,2.06,425,58,Operational
2026-03-01 09:00,Alpha,A-007,0,487,85,Fault
2026-03-01 09:00,Alpha,A-008,2.45,571,53,Operational
2026-03-01 09:00,Alpha,A-009,3.08,814,41,Operational
2026-03-01 09:00,Alpha,A-010,0,857,76,Fault
2026-03-01 09:00,Beta,B-001,0,736,70,Fault
2026-03-01 09:00,Beta,B-002,2.57,544,70,Operational
2026-03-01 09:00,Beta,B-003,2.28,559,65,Operational
2026-03-01 09:00,Beta,B-004,3.05,724,58,Operational
2026-03-01 09:00,Beta,B-005,1.32,836,75,Degraded
2026-03-01 09:00,Beta,B-006,1.9,991,37,Degraded
2026-03-01 09:00,Beta,B-007,2.78,625,68,Operational
2026-03-01 09:00,Beta,B-008,3.95,826,41,Operational
2026-03-01 09:00,Beta,B-009,0.84,421,41,Degraded
2026-03-01 09:00,Beta,B-010,0,590,81,Fault
2026-03-01 09:00,Gamma,G-001,1.48,720,63,Degraded
2026-03-01 09:00,Gamma,G-002,0,821,80,Fault
2026-03-01 09:00,Gamma,G-003,1.34,507,37,Degraded
2026-03-01 09:00,Gamma,G-004,1.29,815,55,Degraded
2026-03-01 09:00,Gamma,G-005,1.36,565,44,Degraded
2026-03-01 09:00,Gamma,G-006,2.27,564,69,Operational
2026-03-01 09:00,Gamma,G-007,2.53,531,75,Operational
2026-03-01 09:00,Gamma,G-008,3.59,931,50,Operational
2026-03-01 09:00,Gamma,G-009,4.38,974,56,Operational
2026-03-01 09:00,Gamma,G-010,4.02,854,46,Operational
2026-03-01 09:00,Delta,D-001,3.54,769,64,Operational
2026-03-01 09:00,Delta,D-002,1.47,407,61,Operational
2026-03-01 09:00,Delta,D-003,2.89,589,74,Operational
2026-03-01 09:00,Delta,D-004,3.55,800,60,Operational
2026-03-01 09:00,Delta,D-005,3.24,863,66,Operational
2026-03-01 09:00,Delta,D-006,0,913,78,Fault
2026-03-01 09:00,Delta,D-007,3.41,898,41,Operational
2026-03-01 09:00,Delta,D-008,0.88,456,36,Degraded
2026-03-01 09:00,Delta,D-009,3.87,793,46,Operational
2026-03-01 09:00,Delta,D-010,3.54,944,47,Operational
2026-03-01 09:00,Epsilon,E-001,2.9,736,49,Operational
2026-03-01 09:00,Epsilon,E-002,2.65,537,61,Operational
2026-03-01 09:00,Epsilon,E-003,2.07,437,40,Operational
2026-03-01 09:00,Epsilon,E-004,0,495,79,Fault
2026-03-01 09:00,Epsilon,E-005,1.73,443,75,Operational
2026-03-01 09:00,Epsilon,E-006,0,762,82,Fault
2026-03-01 09:00,Epsilon,E-007,1.68,440,69,Operational
2026-03-01 09:00,Epsilon,E-008,0.57,443,75,Degraded
2026-03-01 09:00,Epsilon,E-009,2.66,563,41,Operational
2026-03-01 09:00,Epsilon,E-010,2.42,633,42,Operational
2026-03-01 10:00,Alpha,A-001,4,870,42,Operational
2026-03-01 10:00,Alpha,A-002,4.05,953,50,Operational
2026-03-01 10:00,Alpha,A-003,2.39,680,37,Operational
2026-03-01 10:00,Alpha,A-004,0,400,85,Fault
2026-03-01 10:00,Alpha,A-005,0,895,78,Fault
2026-03-01 10:00,Alpha,A-006,0,546,71,Fault
2026-03-01 10:00,Alpha,A-007,1.4,793,57,Degraded
2026-03-01 10:00,Alpha,A-008,0,593,76,Fault
2026-03-01 10:00,Alpha,A-009,1.68,850,64,Degraded
2026-03-01 10:00,Alpha,A-010,2.44,664,51,Operational
2026-03-01 10:00,Beta,B-001,3.19,656,48,Operational
2026-03-01 10:00,Beta,B-002,0,679,84,Fault
2026-03-01 10:00,Beta,B-003,0,969,71,Fault
2026-03-01 10:00,Beta,B-004,0,532,84,Fault
2026-03-01 10:00,Beta,B-005,3.93,903,50,Operational
2026-03-01 10:00,Beta,B-006,0,494,78,Fault
2026-03-01 10:00,Beta,B-007,3.87,780,44,Operational
2026-03-01 10:00,Beta,B-008,4.21,903,37,Operational
2026-03-01 10:00,Beta,B-009,1.38,718,43,Degraded
2026-03-01 10:00,Beta,B-010,1.52,615,40,Degraded
2026-03-01 10:00,Gamma,G-001,3.62,820,55,Operational
2026-03-01 10:00,Gamma,G-002,2.38,510,41,Operational
2026-03-01 10:00,Gamma,G-003,0,1000,75,Fault
2026-03-01 10:00,Gamma,G-004,0,585,73,Fault
2026-03-01 10:00,Gamma,G-005,3.39,903,41,Operational
2026-03-01 10:00,Gamma,G-006,3.74,985,68,Operational
2026-03-01 10:00,Gamma,G-007,1.76,411,68,Operational
2026-03-01 10:00,Gamma,G-008,2.52,651,46,Operational
2026-03-01 10:00,Gamma,G-009,1.4,957,53,Degraded
2026-03-01 10:00,Gamma,G-010,1.26,936,48,Degraded
2026-03-01 10:00,Delta,D-001,2.58,518,45,Operational
2026-03-01 10:00,Delta,D-002,2.73,604,63,Operational
2026-03-01 10:00,Delta,D-003,4.44,915,75,Operational
2026-03-01 10:00,Delta,D-004,2.93,678,44,Operational
2026-03-01 10:00,Delta,D-005,4.6,937,36,Operational
2026-03-01 10:00,Delta,D-006,1.95,809,55,Degraded
2026-03-01 10:00,Delta,D-007,3.41,739,66,Operational
2026-03-01 10:00,Delta,D-008,0,921,74,Fault
2026-03-01 10:00,Delta,D-009,0,990,78,Fault
2026-03-01 10:00,Delta,D-010,2.98,664,54,Operational
2026-03-01 10:00,Epsilon,E-001,0,876,72,Fault
2026-03-01 10:00,Epsilon,E-002,3.16,740,64,Operational
2026-03-01 10:00,Epsilon,E-003,1.01,648,46,Degraded
2026-03-01 10:00,Epsilon,E-004,4.22,865,61,Operational
2026-03-01 10:00,Epsilon,E-005,2.87,694,53,Operational
2026-03-01 10:00,Epsilon,E-006,1.86,461,52,Operational
2026-03-01 10:00,Epsilon,E-007,3.21,792,66,Operational
2026-03-01 10:00,Epsilon,E-008,1.41,684,37,Degraded
2026-03-01 10:00,Epsilon,E-009,2.1,526,74,Operational
2026-03-01 10:00,Epsilon,E-010,1.59,402,54,Operational
2026-03-01 11:00,Alpha,A-001,0,836,82,Fault
2026-03-01 11:00,Alpha,A-002,2.14,551,46,Operational
2026-03-01 11:00,Alpha,A-003,3.64,933,53,Operational
2026-03-01 11:00,Alpha,A-004,1.38,988,45,Degraded
2026-03-01 11:00,Alpha,A-005,1.31,570,49,Degraded
2026-03-01 11:00,Alpha,A-006,1.23,817,72,Degraded
2026-03-01 11:00,Alpha,A-007,0.8,587,75,Degraded
2026-03-01 11:00,Alpha,A-008,1.19,559,67,Degraded
2026-03-01 11:00,Alpha,A-009,3.34,827,49,Operational
2026-03-01 11:00,Alpha,A-010,0,767,77,Fault
2026-03-01 11:00,Beta,B-001,1.53,698,55,Degraded
2026-03-01 11:00,Beta,B-002,2.59,603,72,Operational
2026-03-01 11:00,Beta,B-003,3.92,980,46,Operational
2026-03-01 11:00,Beta,B-004,3.4,795,66,Operational
2026-03-01 11:00,Beta,B-005,1.25,542,66,Degraded
2026-03-01 11:00,Beta,B-006,3.25,715,59,Operational
2026-03-01 11:00,Beta,B-007,2.35,540,62,Operational
2026-03-01 11:00,Beta,B-008,2.68,614,71,Operational
2026-03-01 11:00,Beta,B-009,2.02,510,54,Operational
2026-03-01 11:00,Beta,B-010,0,680,76,Fault
2026-03-01 11:00,Gamma,G-001,0.56,476,38,Degraded
2026-03-01 11:00,Gamma,G-002,0,637,83,Fault
2026-03-01 11:00,Gamma,G-003,2.69,543,63,Operational
2026-03-01 11:00,Gamma,G-004,3.4,810,38,Operational
2026-03-01 11:00,Gamma,G-005,2.88,775,68,Operational
2026-03-01 11:00,Gamma,G-006,4.46,979,38,Operational
2026-03-01 11:00,Gamma,G-007,0.92,603,45,Degraded
2026-03-01 11:00,Gamma,G-008,3.17,836,73,Operational
2026-03-01 11:00,Gamma,G-009,0,788,77,Fault
2026-03-01 11:00,Gamma,G-010,1.66,906,74,Degraded
2026-03-01 11:00,Delta,D-001,3.02,623,62,Operational
2026-03-01 11:00,Delta,D-002,0.73,511,59,Degraded
2026-03-01 11:00,Delta,D-003,2.7,592,49,Operational
2026-03-01 11:00,Delta,D-004,0.93,703,41,Degraded
2026-03-01 11:00,Delta,D-005,3.13,788,61,Operational
2026-03-01 11:00,Delta,D-006,1.83,485,71,Operational
2026-03-01 11:00,Delta,D-007,4.42,967,74,Operational
2026-03-01 11:00,Delta,D-008,3.25,686,38,Operational
2026-03-01 11:00,Delta,D-009,0,419,78,Fault
2026-03-01 11:00,Delta,D-010,1.3,784,60,Degraded
2026-03-01 11:00,Epsilon,E-001,1.08,679,52,Degraded
2026-03-01 11:00,Epsilon,E-002,1.97,479,69,Operational
2026-03-01 11:00,Epsilon,E-003,2.4,545,57,Operational
2026-03-01 11:00,Epsilon,E-004,0,787,84,Fault
2026-03-01 11:00,Epsilon,E-005,1.05,629,52,Degraded
2026-03-01 11:00,Epsilon,E-006,2.52,629,59,Operational
2026-03-01 11:00,Epsilon,E-007,1.17,613,65,Degraded
2026-03-01 11:00,Epsilon,E-008,2.03,452,48,Operational
2026-03-01 11:00,Epsilon,E-009,1.3,589,67,Degraded
2026-03-01 11:00,Epsilon,E-010,4.53,935,53,Operational
2026-03-01 12:00,Alpha,A-001,2.74,749,62,Operational
2026-03-01 12:00,Alpha,A-002,2.2,851,54,Degraded
2026-03-01 12:00,Alpha,A-003,3.25,675,55,Operational
2026-03-01 12:00,Alpha,A-004,4.57,975,43,Operational
2026-03-01 12:00,Alpha,A-005,2.24,556,43,Operational
2026-03-01 12:00,Alpha,A-006,3.4,836,67,Operational
2026-03-01 12:00,Alpha,A-007,2.34,936,64,Degraded
2026-03-01 12:00,Alpha,A-008,4.88,998,69,Operational
2026-03-01 12:00,Alpha,A-009,2.46,499,50,Operational
2026-03-01 12:00,Alpha,A-010,1.19,567,58,Degraded
2026-03-01 12:00,Beta,B-001,0,632,71,Fault
2026-03-01 12:00,Beta,B-002,1.28,721,65,Degraded
2026-03-01 12:00,Beta,B-003,2.91,591,54,Operational
2026-03-01 12:00,Beta,B-004,2.46,590,73,Operational
2026-03-01 12:00,Beta,B-005,3.17,834,75,Operational
2026-03-01 12:00,Beta,B-006,2.39,533,53,Operational
2026-03-01 12:00,Beta,B-007,3.56,722,72,Operational
2026-03-01 12:00,Beta,B-008,3.79,989,53,Operational
2026-03-01 12:00,Beta,B-009,4.19,900,49,Operational
2026-03-01 12:00,Beta,B-010,1.4,824,35,Degraded
2026-03-01 12:00,Gamma,G-001,3.56,747,59,Operational
2026-03-01 12:00,Gamma,G-002,0,900,81,Fault
2026-03-01 12:00,Gamma,G-003,0,511,85,Fault
2026-03-01 12:00,Gamma,G-004,3.47,795,70,Operational
2026-03-01 12:00,Gamma,G-005,0,964,77,Fault
2026-03-01 12:00,Gamma,G-006,2.63,691,47,Operational
2026-03-01 12:00,Gamma,G-007,0,595,70,Fault
2026-03-01 12:00,Gamma,G-008,0,891,82,Fault
2026-03-01 12:00,Gamma,G-009,0.79,569,37,Degraded
2026-03-01 12:00,Gamma,G-010,2.57,529,62,Operational
2026-03-01 12:00,Delta,D-001,0,682,84,Fault
2026-03-01 12:00,Delta,D-002,1.25,661,35,Degraded
2026-03-01 12:00,Delta,D-003,4.49,924,35,Operational
2026-03-01 12:00,Delta,D-004,2.99,767,66,Operational
2026-03-01 12:00,Delta,D-005,2.43,685,57,Operational
2026-03-01 12:00,Delta,D-006,3.72,804,72,Operational
2026-03-01 12:00,Delta,D-007,3.59,780,67,Operational
2026-03-01 12:00,Delta,D-008,3.92,949,61,Operational
2026-03-01 12:00,Delta,D-009,0,468,71,Fault
2026-03-01 12:00,Delta,D-010,3.06,639,69,Operational
2026-03-01 12:00,Epsilon,E-001,0,549,73,Fault
2026-03-01 12:00,Epsilon,E-002,2.91,750,41,Operational
2026-03-01 12:00,Epsilon,E-003,0,666,84,Fault
2026-03-01 12:00,Epsilon,E-004,2.53,630,73,Operational
2026-03-01 12:00,Epsilon,E-005,3.24,761,58,Operational
2026-03-01 12:00,Epsilon,E-006,2.1,563,66,Operational
2026-03-01 12:00,Epsilon,E-007,1.66,735,69,Degraded
2026-03-01 12:00,Epsilon,E-008,0,811,76,Fault
2026-03-01 12:00,Epsilon,E-009,1.7,416,53,Operational
2026-03-01 12:00,Epsilon,E-010,2.67,592,73,Operational
2026-03-01 13:00,Alpha,A-001,0,931,78,Fault
2026-03-01 13:00,Alpha,A-002,2.19,870,66,Degraded
2026-03-01 13:00,Alpha,A-003,3.45,712,48,Operational
2026-03-01 13:00,Alpha,A-004,0,770,73,Fault
2026-03-01 13:00,Alpha,A-005,0,645,81,Fault
2026-03-01 13:00,Alpha,A-006,4.36,993,38,Operational
2026-03-01 13:00,Alpha,A-007,0,541,77,Fault
2026-03-01 13:00,Alpha,A-008,3.19,772,54,Operational
2026-03-01 13:00,Alpha,A-009,2.19,470,72,Operational
2026-03-01 13:00,Alpha,A-010,1.89,408,66,Operational
2026-03-01 13:00,Beta,B-001,1.41,909,57,Degraded
2026-03-01 13:00,Beta,B-002,1.42,698,71,Degraded
2026-03-01 13:00,Beta,B-003,1.37,654,36,Degraded
2026-03-01 13:00,Beta,B-004,2.73,708,63,Operational
2026-03-01 13:00,Beta,B-005,3.02,714,71,Operational
2026-03-01 13:00,Beta,B-006,1.48,622,62,Degraded
2026-03-01 13:00,Beta,B-007,1.89,949,65,Degraded
2026-03-01 13:00,Beta,B-008,1.66,837,61,Degraded
2026-03-01 13:00,Beta,B-009,3.5,817,41,Operational
2026-03-01 13:00,Beta,B-010,0,761,79,Fault
2026-03-01 13:00,Gamma,G-001,0.53,462,71,Degraded
2026-03-01 13:00,Gamma,G-002,3.5,958,56,Operational
2026-03-01 13:00,Gamma,G-003,4.7,972,70,Operational
2026-03-01 13:00,Gamma,G-004,1.81,411,55,Operational
2026-03-01 13:00,Gamma,G-005,2.98,765,66,Operational
2026-03-01 13:00,Gamma,G-006,1.22,707,60,Degraded
2026-03-01 13:00,Gamma,G-007,0.88,450,52,Degraded
2026-03-01 13:00,Gamma,G-008,2.84,589,73,Operational
2026-03-01 13:00,Gamma,G-009,2.64,641,73,Operational
2026-03-01 13:00,Gamma,G-010,1.81,836,37,Degraded
2026-03-01 13:00,Delta,D-001,1.25,919,63,Degraded
2026-03-01 13:00,Delta,D-002,2.02,558,55,Operational
2026-03-01 13:00,Delta,D-003,1.01,512,66,Degraded
2026-03-01 13:00,Delta,D-004,3.16,644,40,Operational
2026-03-01 13:00,Delta,D-005,3.64,818,61,Operational
2026-03-01 13:00,Delta,D-006,2.76,571,64,Operational
2026-03-01 13:00,Delta,D-007,0.94,575,42,Degraded
2026-03-01 13:00,Delta,D-008,1.87,908,73,Degraded
2026-03-01 13:00,Delta,D-009,3.86,897,71,Operational
2026-03-01 13:00,Delta,D-010,3.68,967,59,Operational
2026-03-01 13:00,Epsilon,E-001,2.37,627,37,Operational
2026-03-01 13:00,Epsilon,E-002,4.28,967,36,Operational
2026-03-01 13:00,Epsilon,E-003,1.83,746,40,Degraded
2026-03-01 13:00,Epsilon,E-004,0,650,85,Fault
2026-03-01 13:00,Epsilon,E-005,2.11,433,74,Operational
2026-03-01 13:00,Epsilon,E-006,3.22,670,53,Operational
2026-03-01 13:00,Epsilon,E-007,0,450,70,Fault
2026-03-01 13:00,Epsilon,E-008,2.05,484,56,Operational
2026-03-01 13:00,Epsilon,E-009,1.47,800,57,Degraded
2026-03-01 13:00,Epsilon,E-010,0.74,526,74,Degraded
2026-03-01 14:00,Alpha,A-001,3.67,889,42,Operational
2026-03-01 14:00,Alpha,A-002,0.97,495,55,Degraded
2026-03-01 14:00,Alpha,A-003,1.17,576,71,Degraded
2026-03-01 14:00,Alpha,A-004,3.46,767,35,Operational
2026-03-01 14:00,Alpha,A-005,0,800,80,Fault
2026-03-01 14:00,Alpha,A-006,3.35,832,65,Operational
2026-03-01 14:00,Alpha,A-007,2.18,518,73,Operational
2026-03-01 14:00,Alpha,A-008,2.35,493,60,Operational
2026-03-01 14:00,Alpha,A-009,3.13,836,75,Operational
2026-03-01 14:00,Alpha,A-010,1.27,808,67,Degraded
2026-03-01 14:00,Beta,B-001,1.45,408,66,Operational
2026-03-01 14:00,Beta,B-002,3.1,795,73,Operational
2026-03-01 14:00,Beta,B-003,2.01,503,54,Operational
2026-03-01 14:00,Beta,B-004,3.44,913,57,Operational
2026-03-01 14:00,Beta,B-005,3.38,727,68,Operational
2026-03-01 14:00,Beta,B-006,0,513,72,Fault
2026-03-01 14:00,Beta,B-007,2.83,734,46,Operational
2026-03-01 14:00,Beta,B-008,2.61,681,39,Operational
2026-03-01 14:00,Beta,B-009,1.5,733,62,Degraded
2026-03-01 14:00,Beta,B-010,0.81,570,66,Degraded
2026-03-01 14:00,Gamma,G-001,2.2,613,57,Operational
2026-03-01 14:00,Gamma,G-002,3.3,666,61,Operational
2026-03-01 14:00,Gamma,G-003,0,483,84,Fault
2026-03-01 14:00,Gamma,G-004,1.96,464,75,Operational
2026-03-01 14:00,Gamma,G-005,2.9,581,74,Operational
2026-03-01 14:00,Gamma,G-006,3.29,714,70,Operational
2026-03-01 14:00,Gamma,G-007,4.31,914,36,Operational
2026-03-01 14:00,Gamma,G-008,2.23,451,45,Operational
2026-03-01 14:00,Gamma,G-009,0,550,78,Fault
2026-03-01 14:00,Gamma,G-010,3.79,824,56,Operational
2026-03-01 14:00,Delta,D-001,1.58,412,42,Operational
2026-03-01 14:00,Delta,D-002,3.63,799,75,Operational
2026-03-01 14:00,Delta,D-003,3.8,792,49,Operational
2026-03-01 14:00,Delta,D-004,0,820,80,Fault
2026-03-01 14:00,Delta,D-005,3.3,827,52,Operational
2026-03-01 14:00,Delta,D-006,1.68,413,56,Operational
2026-03-01 14:00,Delta,D-007,3.61,808,72,Operational
2026-03-01 14:00,Delta,D-008,0,633,84,Fault
2026-03-01 14:00,Delta,D-009,2.64,640,68,Operational
2026-03-01 14:00,Delta,D-010,1.55,625,62,Degraded
2026-03-01 14:00,Epsilon,E-001,1.36,594,54,Degraded
2026-03-01 14:00,Epsilon,E-002,1.37,703,35,Degraded
2026-03-01 14:00,Epsilon,E-003,0.95,793,62,Degraded
2026-03-01 14:00,Epsilon,E-004,2.82,684,70,Operational
2026-03-01 14:00,Epsilon,E-005,3.68,792,64,Operational
2026-03-01 14:00,Epsilon,E-006,3.38,796,38,Operational
2026-03-01 14:00,Epsilon,E-007,3.1,690,71,Operational
2026-03-01 14:00,Epsilon,E-008,0.6,453,72,Degraded
2026-03-01 14:00,Epsilon,E-009,1.84,524,37,Operational
2026-03-01 14:00,Epsilon,E-010,4.07,993,61,Operational
2026-03-01 15:00,Alpha,A-001,0,510,71,Fault
2026-03-01 15:00,Alpha,A-002,3.61,945,72,Operational
2026-03-01 15:00,Alpha,A-003,1.33,724,47,Degraded
2026-03-01 15:00,Alpha,A-004,2.96,829,37,Operational
2026-03-01 15:00,Alpha,A-005,3.28,686,71,Operational
2026-03-01 15:00,Alpha,A-006,0,676,70,Fault
2026-03-01 15:00,Alpha,A-007,2.38,653,72,Operational
2026-03-01 15:00,Alpha,A-008,1.4,590,70,Degraded
2026-03-01 15:00,Alpha,A-009,2.82,629,38,Operational
2026-03-01 15:00,Alpha,A-010,1.11,535,74,Degraded
2026-03-01 15:00,Beta,B-001,2.55,603,70,Operational
2026-03-01 15:00,Beta,B-002,3.81,770,64,Operational
2026-03-01 15:00,Beta,B-003,2.52,561,71,Operational
2026-03-01 15:00,Beta,B-004,2.38,628,50,Operational
2026-03-01 15:00,Beta,B-005,4.09,838,67,Operational
2026-03-01 15:00,Beta,B-006,3.88,964,49,Operational
2026-03-01 15:00,Beta,B-007,1.59,770,59,Degraded
2026-03-01 15:00,Beta,B-008,1.89,448,68,Operational
2026-03-01 15:00,Beta,B-009,0,452,73,Fault
2026-03-01 15:00,Beta,B-010,2.96,841,59,Operational
2026-03-01 15:00,Gamma,G-001,1.05,638,57,Degraded
2026-03-01 15:00,Gamma,G-002,2.68,566,52,Operational
2026-03-01 15:00,Gamma,G-003,0,917,74,Fault
2026-03-01 15:00,Gamma,G-004,4.29,957,54,Operational
2026-03-01 15:00,Gamma,G-005,0.95,714,42,Degraded
2026-03-01 15:00,Gamma,G-006,0,758,83,Fault
2026-03-01 15:00,Gamma,G-007,0,826,83,Fault
2026-03-01 15:00,Gamma,G-008,0,944,73,Fault
2026-03-01 15:00,Gamma,G-009,3.95,930,42,Operational
2026-03-01 15:00,Gamma,G-010,1.86,433,65,Operational
2026-03-01 15:00,Delta,D-001,0,639,73,Fault
2026-03-01 15:00,Delta,D-002,3.31,905,49,Operational
2026-03-01 15:00,Delta,D-003,0,539,73,Fault
2026-03-01 15:00,Delta,D-004,1.52,739,65,Degraded
2026-03-01 15:00,Delta,D-005,2.05,517,72,Operational
2026-03-01 15:00,Delta,D-006,0,887,70,Fault
2026-03-01 15:00,Delta,D-007,2.29,630,59,Operational
2026-03-01 15:00,Delta,D-008,1.76,401,74,Operational
2026-03-01 15:00,Delta,D-009,0,476,73,Fault
2026-03-01 15:00,Delta,D-010,2.21,482,42,Operational
2026-03-01 15:00,Epsilon,E-001,1.12,439,52,Degraded
2026-03-01 15:00,Epsilon,E-002,0.8,439,50,Degraded
2026-03-01 15:00,Epsilon,E-003,2.72,725,74,Operational
2026-03-01 15:00,Epsilon,E-004,0,674,74,Fault
2026-03-01 15:00,Epsilon,E-005,1.61,834,58,Degraded
2026-03-01 15:00,Epsilon,E-006,4.21,914,55,Operational
2026-03-01 15:00,Epsilon,E-007,3.78,917,35,Operational
2026-03-01 15:00,Epsilon,E-008,3.12,692,57,Operational
2026-03-01 15:00,Epsilon,E-009,3.4,686,75,Operational
2026-03-01 15:00,Epsilon,E-010,4.45,900,46,Operational
2026-03-01 16:00,Alpha,A-001,2.72,547,43,Operational
2026-03-01 16:00,Alpha,A-002,2.88,735,48,Operational
2026-03-01 16:00,Alpha,A-003,2.09,591,55,Operational
2026-03-01 16:00,Alpha,A-004,0,999,75,Fault
2026-03-01 16:00,Alpha,A-005,3.44,871,42,Operational
2026-03-01 16:00,Alpha,A-006,3.94,994,35,Operational
2026-03-01 16:00,Alpha,A-007,0,753,78,Fault
2026-03-01 16:00,Alpha,A-008,2.85,701,59,Operational
2026-03-01 16:00,Alpha,A-009,0,654,70,Fault
2026-03-01 16:00,Alpha,A-010,0,500,79,Fault
2026-03-01 16:00,Beta,B-001,2.02,790,36,Degraded
2026-03-01 16:00,Beta,B-002,0,970,82,Fault
2026-03-01 16:00,Beta,B-003,2.3,611,62,Operational
2026-03-01 16:00,Beta,B-004,2.01,412,46,Operational
2026-03-01 16:00,Beta,B-005,2.92,711,57,Operational
2026-03-01 16:00,Beta,B-006,1.01,407,64,Degraded
2026-03-01 16:00,Beta,B-007,1.71,444,75,Operational
2026-03-01 16:00,Beta,B-008,1.6,410,38,Operational
2026-03-01 16:00,Beta,B-009,0,853,71,Fault
2026-03-01 16:00,Beta,B-010,3.83,816,39,Operational
2026-03-01 16:00,Gamma,G-001,3.37,676,69,Operational
2026-03-01 16:00,Gamma,G-002,3.07,834,57,Operational
2026-03-01 16:00,Gamma,G-003,0,479,72,Fault
2026-03-01 16:00,Gamma,G-004,2.9,610,56,Operational
2026-03-01 16:00,Gamma,G-005,2.55,577,37,Operational
2026-03-01 16:00,Gamma,G-006,2.19,594,52,Operational
2026-03-01 16:00,Gamma,G-007,1.14,562,62,Degraded
2026-03-01 16:00,Gamma,G-008,3.9,816,52,Operational
2026-03-01 16:00,Gamma,G-009,2.3,473,63,Operational
2026-03-01 16:00,Gamma,G-010,1.8,502,50,Operational
2026-03-01 16:00,Delta,D-001,2.14,605,62,Operational
2026-03-01 16:00,Delta,D-002,2.41,637,67,Operational
2026-03-01 16:00,Delta,D-003,4.81,987,56,Operational
2026-03-01 16:00,Delta,D-004,2.39,605,36,Operational
2026-03-01 16:00,Delta,D-005,1.27,548,53,Degraded
2026-03-01 16:00,Delta,D-006,2.67,630,48,Operational
2026-03-01 16:00,Delta,D-007,2.94,795,37,Operational
2026-03-01 16:00,Delta,D-008,2.62,627,49,Operational
2026-03-01 16:00,Delta,D-009,2.04,579,64,Operational
2026-03-01 16:00,Delta,D-010,1.91,906,63,Degraded
2026-03-01 16:00,Epsilon,E-001,1.56,890,49,Degraded
2026-03-01 16:00,Epsilon,E-002,0,558,71,Fault
2026-03-01 16:00,Epsilon,E-003,0.96,411,64,Degraded
2026-03-01 16:00,Epsilon,E-004,0,476,74,Fault
2026-03-01 16:00,Epsilon,E-005,2.04,471,72,Operational
2026-03-01 16:00,Epsilon,E-006,0.95,735,73,Degraded
2026-03-01 16:00,Epsilon,E-007,0.72,406,56,Degraded
2026-03-01 16:00,Epsilon,E-008,4.37,943,38,Operational
2026-03-01 16:00,Epsilon,E-009,3.05,823,63,Operational
2026-03-01 16:00,Epsilon,E-010,2.73,571,38,Operational
2026-03-01 17:00,Alpha,A-001,2.28,483,38,Operational
2026-03-01 17:00,Alpha,A-002,2.96,785,54,Operational
2026-03-01 17:00,Alpha,A-003,2.62,731,49,Operational
2026-03-01 17:00,Alpha,A-004,3.53,967,63,Operational
2026-03-01 17:00,Alpha,A-005,1.84,764,48,Degraded
2026-03-01 17:00,Alpha,A-006,2.57,566,71,Operational
2026-03-01 17:00,Alpha,A-007,3.3,871,71,Operational
2026-03-01 17:00,Alpha,A-008,0.72,453,70,Degraded
2026-03-01 17:00,Alpha,A-009,0,622,83,Fault
2026-03-01 17:00,Alpha,A-010,0,815,84,Fault
2026-03-01 17:00,Beta,B-001,2.17,463,69,Operational
2026-03-01 17:00,Beta,B-002,2.69,641,65,Operational
2026-03-01 17:00,Beta,B-003,3.8,834,61,Operational
2026-03-01 17:00,Beta,B-004,1.94,405,63,Operational
2026-03-01 17:00,Beta,B-005,2.14,540,44,Operational
2026-03-01 17:00,Beta,B-006,3.87,850,59,Operational
2026-03-01 17:00,Beta,B-007,0,538,72,Fault
2026-03-01 17:00,Beta,B-008,2.68,743,48,Operational
2026-03-01 17:00,Beta,B-009,3.44,771,66,Operational
2026-03-01 17:00,Beta,B-010,3.94,862,50,Operational
2026-03-01 17:00,Gamma,G-001,2.6,698,61,Operational
2026-03-01 17:00,Gamma,G-002,3.77,932,59,Operational
2026-03-01 17:00,Gamma,G-003,0,594,80,Fault
2026-03-01 17:00,Gamma,G-004,3.7,766,40,Operational
2026-03-01 17:00,Gamma,G-005,3.97,829,49,Operational
2026-03-01 17:00,Gamma,G-006,2.05,582,65,Operational
2026-03-01 17:00,Gamma,G-007,0,618,75,Fault
2026-03-01 17:00,Gamma,G-008,0,424,77,Fault
2026-03-01 17:00,Gamma,G-009,3.14,674,59,Operational
2026-03-01 17:00,Gamma,G-010,0,700,82,Fault
2026-03-01 17:00,Delta,D-001,0,577,82,Fault
2026-03-01 17:00,Delta,D-002,1.76,471,64,Operational
2026-03-01 17:00,Delta,D-003,3.34,737,38,Operational
2026-03-01 17:00,Delta,D-004,4.11,986,58,Operational
2026-03-01 17:00,Delta,D-005,0,670,78,Fault
2026-03-01 17:00,Delta,D-006,0,603,81,Fault
2026-03-01 17:00,Delta,D-007,1.63,830,50,Degraded
2026-03-01 17:00,Delta,D-008,3.28,873,74,Operational
2026-03-01 17:00,Delta,D-009,0,687,82,Fault
2026-03-01 17:00,Delta,D-010,0,986,85,Fault
2026-03-01 17:00,Epsilon,E-001,1.56,799,75,Degraded
2026-03-01 17:00,Epsilon,E-002,1.08,552,71,Degraded
2026-03-01 17:00,Epsilon,E-003,1.33,740,49,Degraded
2026-03-01 17:00,Epsilon,E-004,1.87,444,63,Operational
2026-03-01 17:00,Epsilon,E-005,1.59,404,54,Operational
2026-03-01 17:00,Epsilon,E-006,2.99,735,62,Operational
2026-03-01 17:00,Epsilon,E-007,0,733,85,Fault
2026-03-01 17:00,Epsilon,E-008,0,434,75,Fault
2026-03-01 17:00,Epsilon,E-009,0,420,70,Fault
2026-03-01 17:00,Epsilon,E-010,1.44,911,68,Degraded
2026-03-01 18:00,Alpha,A-001,3.66,764,54,Operational
2026-03-01 18:00,Alpha,A-002,0,893,75,Fault
2026-03-01 18:00,Alpha,A-003,1.45,814,41,Degraded
2026-03-01 18:00,Alpha,A-004,3.42,713,75,Operational
2026-03-01 18:00,Alpha,A-005,0,750,78,Fault
2026-03-01 18:00,Alpha,A-006,1.62,602,55,Degraded
2026-03-01 18:00,Alpha,A-007,2.8,674,36,Operational
2026-03-01 18:00,Alpha,A-008,2.33,597,46,Operational
2026-03-01 18:00,Alpha,A-009,3.14,840,52,Operational
2026-03-01 18:00,Alpha,A-010,2.11,514,49,Operational
2026-03-01 18:00,Beta,B-001,2.44,627,54,Operational
2026-03-01 18:00,Beta,B-002,0,446,74,Fault
2026-03-01 18:00,Beta,B-003,0,822,71,Fault
2026-03-01 18:00,Beta,B-004,0,597,80,Fault
2026-03-01 18:00,Beta,B-005,0.52,401,64,Degraded
2026-03-01 18:00,Beta,B-006,2.97,829,55,Operational
2026-03-01 18:00,Beta,B-007,4.45,971,47,Operational
2026-03-01 18:00,Beta,B-008,4.47,911,68,Operational
2026-03-01 18:00,Beta,B-009,2.25,548,71,Operational
2026-03-01 18:00,Beta,B-010,2,402,44,Operational
2026-03-01 18:00,Gamma,G-001,3.66,735,61,Operational
2026-03-01 18:00,Gamma,G-002,0,935,82,Fault
2026-03-01 18:00,Gamma,G-003,2.71,764,56,Operational
2026-03-01 18:00,Gamma,G-004,4.89,997,39,Operational
2026-03-01 18:00,Gamma,G-005,4.36,934,42,Operational
2026-03-01 18:00,Gamma,G-006,3.48,991,41,Operational
2026-03-01 18:00,Gamma,G-007,2.13,540,68,Operational
2026-03-01 18:00,Gamma,G-008,2.05,421,57,Operational
2026-03-01 18:00,Gamma,G-009,3.14,691,45,Operational
2026-03-01 18:00,Gamma,G-010,2.64,632,40,Operational
2026-03-01 18:00,Delta,D-001,2.4,568,36,Operational
2026-03-01 18:00,Delta,D-002,0,765,85,Fault
2026-03-01 18:00,Delta,D-003,3.43,893,47,Operational
2026-03-01 18:00,Delta,D-004,0,914,73,Fault
2026-03-01 18:00,Delta,D-005,0,446,82,Fault
2026-03-01 18:00,Delta,D-006,2.37,498,45,Operational
2026-03-01 18:00,Delta,D-007,3.21,913,68,Operational
2026-03-01 18:00,Delta,D-008,2.93,605,59,Operational
2026-03-01 18:00,Delta,D-009,0,613,73,Fault
2026-03-01 18:00,Delta,D-010,3.18,738,52,Operational
2026-03-01 18:00,Epsilon,E-001,0,577,84,Fault
2026-03-01 18:00,Epsilon,E-002,0,444,81,Fault
2026-03-01 18:00,Epsilon,E-003,3.72,907,65,Operational
2026-03-01 18:00,Epsilon,E-004,2.47,557,36,Operational
2026-03-01 18:00,Epsilon,E-005,3.34,843,74,Operational
2026-03-01 18:00,Epsilon,E-006,0.7,406,39,Degraded
2026-03-01 18:00,Epsilon,E-007,0,961,85,Fault
2026-03-01 18:00,Epsilon,E-008,4.26,924,60,Operational
2026-03-01 18:00,Epsilon,E-009,0.9,400,53,Degraded
2026-03-01 18:00,Epsilon,E-010,2.61,591,72,Operational
2026-03-01 19:00,Alpha,A-001,3.16,706,42,Operational
2026-03-01 19:00,Alpha,A-002,1.08,521,37,Degraded
2026-03-01 19:00,Alpha,A-003,1.85,443,61,Operational
2026-03-01 19:00,Alpha,A-004,0,507,73,Fault
2026-03-01 19:00,Alpha,A-005,4.25,997,40,Operational
2026-03-01 19:00,Alpha,A-006,2.12,507,43,Operational
2026-03-01 19:00,Alpha,A-007,2.79,609,60,Operational
2026-03-01 19:00,Alpha,A-008,4.22,851,53,Operational
2026-03-01 19:00,Alpha,A-009,3.59,733,64,Operational
2026-03-01 19:00,Alpha,A-010,1.98,449,56,Operational
2026-03-01 19:00,Beta,B-001,1.46,719,58,Degraded
2026-03-01 19:00,Beta,B-002,3.31,724,35,Operational
2026-03-01 19:00,Beta,B-003,3.45,871,64,Operational
2026-03-01 19:00,Beta,B-004,2.6,568,65,Operational
2026-03-01 19:00,Beta,B-005,1.58,725,50,Degraded
2026-03-01 19:00,Beta,B-006,0,759,75,Fault
2026-03-01 19:00,Beta,B-007,0,739,72,Fault
2026-03-01 19:00,Beta,B-008,1.92,417,42,Operational
2026-03-01 19:00,Beta,B-009,2.23,479,50,Operational
2026-03-01 19:00,Beta,B-010,2.44,644,60,Operational
2026-03-01 19:00,Gamma,G-001,0,885,77,Fault
2026-03-01 19:00,Gamma,G-002,1.22,679,66,Degraded
2026-03-01 19:00,Gamma,G-003,0.96,513,42,Degraded
2026-03-01 19:00,Gamma,G-004,2.88,726,67,Operational
2026-03-01 19:00,Gamma,G-005,2.38,568,68,Operational
2026-03-01 19:00,Gamma,G-006,3.73,830,42,Operational
2026-03-01 19:00,Gamma,G-007,3.53,939,66,Operational
2026-03-01 19:00,Gamma,G-008,3.96,830,57,Operational
2026-03-01 19:00,Gamma,G-009,3.47,826,35,Operational
2026-03-01 19:00,Gamma,G-010,2.61,694,42,Operational
2026-03-01 19:00,Delta,D-001,2.66,658,69,Operational
2026-03-01 19:00,Delta,D-002,0.71,452,41,Degraded
2026-03-01 19:00,Delta,D-003,0,838,82,Fault
2026-03-01 19:00,Delta,D-004,1,441,70,Degraded
2026-03-01 19:00,Delta,D-005,1.36,530,73,Degraded
2026-03-01 19:00,Delta,D-006,2.83,734,74,Operational
2026-03-01 19:00,Delta,D-007,2.14,610,42,Operational
2026-03-01 19:00,Delta,D-008,2.86,678,40,Operational
2026-03-01 19:00,Delta,D-009,0.82,737,39,Degraded
2026-03-01 19:00,Delta,D-010,4.27,898,74,Operational
2026-03-01 19:00,Epsilon,E-001,3.99,859,42,Operational
2026-03-01 19:00,Epsilon,E-002,4.15,868,35,Operational
2026-03-01 19:00,Epsilon,E-003,1.26,600,61,Degraded
2026-03-01 19:00,Epsilon,E-004,2.14,454,50,Operational
2026-03-01 19:00,Epsilon,E-005,3.3,687,43,Operational
2026-03-01 19:00,Epsilon,E-006,0,456,78,Fault
2026-03-01 19:00,Epsilon,E-007,4.47,962,47,Operational
2026-03-01 19:00,Epsilon,E-008,3.18,739,55,Operational
2026-03-01 19:00,Epsilon,E-009,3.59,973,38,Operational
2026-03-01 19:00,Epsilon,E-010,1.07,512,72,Degraded
2026-03-01 20:00,Alpha,A-001,1.35,700,59,Degraded
2026-03-01 20:00,Alpha,A-002,1.75,407,46,Operational
2026-03-01 20:00,Alpha,A-003,0,655,76,Fault
2026-03-01 20:00,Alpha,A-004,2.01,505,59,Operational
2026-03-01 20:00,Alpha,A-005,1.93,453,41,Operational
2026-03-01 20:00,Alpha,A-006,3.28,752,46,Operational
2026-03-01 20:00,Alpha,A-007,2.99,676,35,Operational
2026-03-01 20:00,Alpha,A-008,2.78,771,70,Operational
2026-03-01 20:00,Alpha,A-009,3.2,880,58,Operational
2026-03-01 20:00,Alpha,A-010,0.81,632,35,Degraded
2026-03-01 20:00,Beta,B-001,2.25,539,41,Operational
2026-03-01 20:00,Beta,B-002,0,473,80,Fault
2026-03-01 20:00,Beta,B-003,0,448,73,Fault
2026-03-01 20:00,Beta,B-004,4.59,998,63,Operational
2026-03-01 20:00,Beta,B-005,2.75,569,72,Operational
2026-03-01 20:00,Beta,B-006,0,844,80,Fault
2026-03-01 20:00,Beta,B-007,2.98,632,39,Operational
2026-03-01 20:00,Beta,B-008,1.34,786,64,Degraded
2026-03-01 20:00,Beta,B-009,0.51,437,48,Degraded
2026-03-01 20:00,Beta,B-010,2.21,976,64,Degraded
2026-03-01 20:00,Gamma,G-001,2.32,541,58,Operational
2026-03-01 20:00,Gamma,G-002,1.93,423,51,Operational
2026-03-01 20:00,Gamma,G-003,3.89,819,66,Operational
2026-03-01 20:00,Gamma,G-004,0,934,80,Fault
2026-03-01 20:00,Gamma,G-005,2.39,560,41,Operational
2026-03-01 20:00,Gamma,G-006,3.63,815,65,Operational
2026-03-01 20:00,Gamma,G-007,4.21,908,69,Operational
2026-03-01 20:00,Gamma,G-008,3.57,891,72,Operational
2026-03-01 20:00,Gamma,G-009,2.39,551,72,Operational
2026-03-01 20:00,Gamma,G-010,0,777,76,Fault
2026-03-01 20:00,Delta,D-001,1.33,730,61,Degraded
2026-03-01 20:00,Delta,D-002,4.35,997,39,Operational
2026-03-01 20:00,Delta,D-003,1.11,739,62,Degraded
2026-03-01 20:00,Delta,D-004,1.14,639,68,Degraded
2026-03-01 20:00,Delta,D-005,0,542,76,Fault
2026-03-01 20:00,Delta,D-006,4.75,982,58,Operational
2026-03-01 20:00,Delta,D-007,0.86,507,66,Degraded
2026-03-01 20:00,Delta,D-008,3.78,970,37,Operational
2026-03-01 20:00,Delta,D-009,3.89,899,56,Operational
2026-03-01 20:00,Delta,D-010,0,968,83,Fault
2026-03-01 20:00,Epsilon,E-001,4.7,999,42,Operational
2026-03-01 20:00,Epsilon,E-002,0,865,84,Fault
2026-03-01 20:00,Epsilon,E-003,3.2,808,75,Operational
2026-03-01 20:00,Epsilon,E-004,1.77,466,70,Operational
2026-03-01 20:00,Epsilon,E-005,4.4,982,39,Operational
2026-03-01 20:00,Epsilon,E-006,3.14,696,72,Operational
2026-03-01 20:00,Epsilon,E-007,3.28,686,64,Operational
2026-03-01 20:00,Epsilon,E-008,0,825,70,Fault
2026-03-01 20:00,Epsilon,E-009,2.08,984,62,Degraded
2026-03-01 20:00,Epsilon,E-010,3.46,764,73,Operational
2026-03-01 21:00,Alpha,A-001,1.54,740,50,Degraded
2026-03-01 21:00,Alpha,A-002,2.08,838,44,Degraded
2026-03-01 21:00,Alpha,A-003,1.9,821,61,Degraded
2026-03-01 21:00,Alpha,A-004,1.83,489,46,Operational
2026-03-01 21:00,Alpha,A-005,2.33,640,55,Operational
2026-03-01 21:00,Alpha,A-006,0.88,808,75,Degraded
2026-03-01 21:00,Alpha,A-007,1.68,744,59,Degraded
2026-03-01 21:00,Alpha,A-008,4.05,962,65,Operational
2026-03-01 21:00,Alpha,A-009,2.41,666,65,Operational
2026-03-01 21:00,Alpha,A-010,2.28,556,61,Operational
2026-03-01 21:00,Beta,B-001,3.79,838,61,Operational
2026-03-01 21:00,Beta,B-002,2.38,539,75,Operational
2026-03-01 21:00,Beta,B-003,1.61,408,60,Operational
2026-03-01 21:00,Beta,B-004,1.97,457,39,Operational
2026-03-01 21:00,Beta,B-005,1.77,685,44,Degraded
2026-03-01 21:00,Beta,B-006,4.68,985,67,Operational
2026-03-01 21:00,Beta,B-007,1.77,471,49,Operational
2026-03-01 21:00,Beta,B-008,0,870,81,Fault
2026-03-01 21:00,Beta,B-009,3.33,802,59,Operational
2026-03-01 21:00,Beta,B-010,3.36,751,50,Operational
2026-03-01 21:00,Gamma,G-001,4.09,905,75,Operational
2026-03-01 21:00,Gamma,G-002,3.15,824,75,Operational
2026-03-01 21:00,Gamma,G-003,0,754,71,Fault
2026-03-01 21:00,Gamma,G-004,3.44,704,41,Operational
2026-03-01 21:00,Gamma,G-005,2.87,722,36,Operational
2026-03-01 21:00,Gamma,G-006,2.79,561,74,Operational
2026-03-01 21:00,Gamma,G-007,0.97,828,61,Degraded
2026-03-01 21:00,Gamma,G-008,0,471,85,Fault
2026-03-01 21:00,Gamma,G-009,0.91,599,56,Degraded
2026-03-01 21:00,Gamma,G-010,3.1,826,64,Operational
2026-03-01 21:00,Delta,D-001,1.85,441,41,Operational
2026-03-01 21:00,Delta,D-002,1.1,415,43,Degraded
2026-03-01 21:00,Delta,D-003,0,922,77,Fault
2026-03-01 21:00,Delta,D-004,4.38,987,54,Operational
2026-03-01 21:00,Delta,D-005,0,690,84,Fault
2026-03-01 21:00,Delta,D-006,4.05,882,74,Operational
2026-03-01 21:00,Delta,D-007,0,881,81,Fault
2026-03-01 21:00,Delta,D-008,2.17,870,45,Degraded
2026-03-01 21:00,Delta,D-009,1.99,401,51,Operational
2026-03-01 21:00,Delta,D-010,0,680,75,Fault
2026-03-01 21:00,Epsilon,E-001,1.63,449,53,Operational
2026-03-01 21:00,Epsilon,E-002,3.45,968,58,Operational
2026-03-01 21:00,Epsilon,E-003,3.35,751,43,Operational
2026-03-01 21:00,Epsilon,E-004,3.97,920,65,Operational
2026-03-01 21:00,Epsilon,E-005,0,991,79,Fault
2026-03-01 21:00,Epsilon,E-006,0,595,72,Fault
2026-03-01 21:00,Epsilon,E-007,4.42,929,72,Operational
2026-03-01 21:00,Epsilon,E-008,2.76,690,52,Operational
2026-03-01 21:00,Epsilon,E-009,2.88,627,40,Operational
2026-03-01 21:00,Epsilon,E-010,1.02,477,57,Degraded
2026-03-01 22:00,Alpha,A-001,4.34,926,54,Operational
2026-03-01 22:00,Alpha,A-002,3.08,733,72,Operational
2026-03-01 22:00,Alpha,A-003,1.16,404,57,Degraded
2026-03-01 22:00,Alpha,A-004,3.04,724,37,Operational
2026-03-01 22:00,Alpha,A-005,0.97,599,35,Degraded
2026-03-01 22:00,Alpha,A-006,1.37,954,40,Degraded
2026-03-01 22:00,Alpha,A-007,3.54,842,51,Operational
2026-03-01 22:00,Alpha,A-008,1.01,686,75,Degraded
2026-03-01 22:00,Alpha,A-009,1.9,523,70,Operational
2026-03-01 22:00,Alpha,A-010,3.34,718,69,Operational
2026-03-01 22:00,Beta,B-001,3.43,829,57,Operational
2026-03-01 22:00,Beta,B-002,3.75,960,66,Operational
2026-03-01 22:00,Beta,B-003,1.41,785,39,Degraded
2026-03-01 22:00,Beta,B-004,3.07,655,61,Operational
2026-03-01 22:00,Beta,B-005,0,541,77,Fault
2026-03-01 22:00,Beta,B-006,3.12,711,47,Operational
2026-03-01 22:00,Beta,B-007,0,597,85,Fault
2026-03-01 22:00,Beta,B-008,1.02,715,65,Degraded
2026-03-01 22:00,Beta,B-009,1.19,896,49,Degraded
2026-03-01 22:00,Beta,B-010,1.37,733,66,Degraded
2026-03-01 22:00,Gamma,G-001,2.32,586,45,Operational
2026-03-01 22:00,Gamma,G-002,0,431,81,Fault
2026-03-01 22:00,Gamma,G-003,2.7,731,36,Operational
2026-03-01 22:00,Gamma,G-004,3.59,771,58,Operational
2026-03-01 22:00,Gamma,G-005,0,958,70,Fault
2026-03-01 22:00,Gamma,G-006,4.89,997,48,Operational
2026-03-01 22:00,Gamma,G-007,0,751,81,Fault
2026-03-01 22:00,Gamma,G-008,2.64,619,48,Operational
2026-03-01 22:00,Gamma,G-009,2.33,615,37,Operational
2026-03-01 22:00,Gamma,G-010,1.66,466,52,Operational
2026-03-01 22:00,Delta,D-001,1.72,454,63,Operational
2026-03-01 22:00,Delta,D-002,3.86,957,49,Operational
2026-03-01 22:00,Delta,D-003,4.16,894,47,Operational
2026-03-01 22:00,Delta,D-004,3.02,671,60,Operational
2026-03-01 22:00,Delta,D-005,0,540,73,Fault
2026-03-01 22:00,Delta,D-006,0,861,83,Fault
2026-03-01 22:00,Delta,D-007,2.45,507,67,Operational
2026-03-01 22:00,Delta,D-008,0,740,70,Fault
2026-03-01 22:00,Delta,D-009,4.1,901,39,Operational
2026-03-01 22:00,Delta,D-010,1.78,483,48,Operational
2026-03-01 22:00,Epsilon,E-001,2.06,414,54,Operational
2026-03-01 22:00,Epsilon,E-002,0,789,84,Fault
2026-03-01 22:00,Epsilon,E-003,0,605,80,Fault
2026-03-01 22:00,Epsilon,E-004,4,892,69,Operational
2026-03-01 22:00,Epsilon,E-005,0,543,80,Fault
2026-03-01 22:00,Epsilon,E-006,3.67,776,74,Operational
2026-03-01 22:00,Epsilon,E-007,1.44,783,60,Degraded
2026-03-01 22:00,Epsilon,E-008,1.13,901,63,Degraded
2026-03-01 22:00,Epsilon,E-009,3.1,843,70,Operational
2026-03-01 22:00,Epsilon,E-010,3.34,923,43,Operational
2026-03-01 23:00,Alpha,A-001,2.97,597,43,Operational
2026-03-01 23:00,Alpha,A-002,2.33,821,65,Degraded
2026-03-01 23:00,Alpha,A-003,2.85,676,46,Operational
2026-03-01 23:00,Alpha,A-004,0,607,84,Fault
2026-03-01 23:00,Alpha,A-005,2.32,576,56,Operational
2026-03-01 23:00,Alpha,A-006,1.61,904,56,Degraded
2026-03-01 23:00,Alpha,A-007,3.77,775,40,Operational
2026-03-01 23:00,Alpha,A-008,3.47,698,61,Operational
2026-03-01 23:00,Alpha,A-009,2.31,468,62,Operational
2026-03-01 23:00,Alpha,A-010,3.81,770,62,Operational
2026-03-01 23:00,Beta,B-001,3.19,698,57,Operational
2026-03-01 23:00,Beta,B-002,3.54,749,46,Operational
2026-03-01 23:00,Beta,B-003,0,757,78,Fault
2026-03-01 23:00,Beta,B-004,1.61,770,47,Degraded
2026-03-01 23:00,Beta,B-005,3.48,884,39,Operational
2026-03-01 23:00,Beta,B-006,3.11,720,71,Operational
2026-03-01 23:00,Beta,B-007,3.45,759,51,Operational
2026-03-01 23:00,Beta,B-008,2.04,537,73,Operational
2026-03-01 23:00,Beta,B-009,2.09,549,54,Operational
2026-03-01 23:00,Beta,B-010,2.12,924,36,Degraded
2026-03-01 23:00,Gamma,G-001,2.19,447,65,Operational
2026-03-01 23:00,Gamma,G-002,3.07,834,55,Operational
2026-03-01 23:00,Gamma,G-003,2.96,716,49,Operational
2026-03-01 23:00,Gamma,G-004,2.7,621,60,Operational
2026-03-01 23:00,Gamma,G-005,0,541,82,Fault
2026-03-01 23:00,Gamma,G-006,2.41,668,49,Operational
2026-03-01 23:00,Gamma,G-007,1.52,818,64,Degraded
2026-03-01 23:00,Gamma,G-008,0,817,83,Fault
2026-03-01 23:00,Gamma,G-009,0,878,78,Fault
2026-03-01 23:00,Gamma,G-010,3.67,960,40,Operational
2026-03-01 23:00,Delta,D-001,1.24,474,67,Degraded
2026-03-01 23:00,Delta,D-002,0,763,80,Fault
2026-03-01 23:00,Delta,D-003,2.32,635,63,Operational
2026-03-01 23:00,Delta,D-004,0,965,70,Fault
2026-03-01 23:00,Delta,D-005,2.04,532,68,Operational
2026-03-01 23:00,Delta,D-006,3.9,977,61,Operational
2026-03-01 23:00,Delta,D-007,2.16,518,64,Operational
2026-03-01 23:00,Delta,D-008,1.8,437,74,Operational
2026-03-01 23:00,Delta,D-009,3.81,969,57,Operational
2026-03-01 23:00,Delta,D-010,4.14,998,74,Operational
2026-03-01 23:00,Epsilon,E-001,0,526,84,Fault
2026-03-01 23:00,Epsilon,E-002,0,795,80,Fault
2026-03-01 23:00,Epsilon,E-003,2.89,704,39,Operational
2026-03-01 23:00,Epsilon,E-004,2.71,748,56,Operational
2026-03-01 23:00,Epsilon,E-005,3.47,839,67,Operational
2026-03-01 23:00,Epsilon,E-006,0,699,80,Fault
2026-03-01 23:00,Epsilon,E-007,3.09,756,39,Operational
2026-03-01 23:00,Epsilon,E-008,1.29,708,57,Degraded
2026-03-01 23:00,Epsilon,E-009,0,641,73,Fault
2026-03-01 23:00,Epsilon,E-010,1.37,580,51,Degraded
2026-03-02 00:00,Alpha,A-001,1.23,726,53,Degraded
2026-03-02 00:00,Alpha,A-002,3.24,874,43,Operational
2026-03-02 00:00,Alpha,A-003,0,843,85,Fault
2026-03-02 00:00,Alpha,A-004,0.97,482,51,Degraded
2026-03-02 00:00,Alpha,A-005,1.76,937,55,Degraded
2026-03-02 00:00,Alpha,A-006,0.93,505,75,Degraded
2026-03-02 00:00,Alpha,A-007,2.05,546,47,Operational
2026-03-02 00:00,Alpha,A-008,0,449,83,Fault
2026-03-02 00:00,Alpha,A-009,1.06,515,35,Degraded
2026-03-02 00:00,Alpha,A-010,2.32,485,71,Operational
2026-03-02 00:00,Beta,B-001,0,969,74,Fault
2026-03-02 00:00,Beta,B-002,3.85,918,68,Operational
2026-03-02 00:00,Beta,B-003,3.35,717,38,Operational
2026-03-02 00:00,Beta,B-004,4.31,918,71,Operational
2026-03-02 00:00,Beta,B-005,0,405,85,Fault
2026-03-02 00:00,Beta,B-006,2.18,600,36,Operational
2026-03-02 00:00,Beta,B-007,0,628,78,Fault
2026-03-02 00:00,Beta,B-008,0,621,81,Fault
2026-03-02 00:00,Beta,B-009,0.8,406,61,Degraded
2026-03-02 00:00,Beta,B-010,2.17,504,64,Operational
2026-03-02 00:00,Gamma,G-001,2.02,479,69,Operational
2026-03-02 00:00,Gamma,G-002,3.75,973,71,Operational
2026-03-02 00:00,Gamma,G-003,1.97,499,67,Operational
2026-03-02 00:00,Gamma,G-004,0,654,78,Fault
2026-03-02 00:00,Gamma,G-005,0,607,75,Fault
2026-03-02 00:00,Gamma,G-006,1.69,481,61,Operational
2026-03-02 00:00,Gamma,G-007,2.36,587,52,Operational
2026-03-02 00:00,Gamma,G-008,3,843,70,Operational
2026-03-02 00:00,Gamma,G-009,2.13,526,70,Operational
2026-03-02 00:00,Gamma,G-010,1.8,489,43,Operational
2026-03-02 00:00,Delta,D-001,0,457,85,Fault
2026-03-02 00:00,Delta,D-002,1.72,915,65,Degraded
2026-03-02 00:00,Delta,D-003,0.98,814,62,Degraded
2026-03-02 00:00,Delta,D-004,3.39,703,67,Operational
2026-03-02 00:00,Delta,D-005,3.51,780,60,Operational
2026-03-02 00:00,Delta,D-006,2.44,637,35,Operational
2026-03-02 00:00,Delta,D-007,2.77,565,57,Operational
2026-03-02 00:00,Delta,D-008,4.04,949,53,Operational
2026-03-02 00:00,Delta,D-009,4.54,992,68,Operational
2026-03-02 00:00,Delta,D-010,1.71,655,49,Degraded
2026-03-02 00:00,Epsilon,E-001,2.88,656,40,Operational
2026-03-02 00:00,Epsilon,E-002,3.24,695,46,Operational
2026-03-02 00:00,Epsilon,E-003,2.14,483,38,Operational
2026-03-02 00:00,Epsilon,E-004,2.57,602,44,Operational
2026-03-02 00:00,Epsilon,E-005,2.31,536,49,Operational
2026-03-02 00:00,Epsilon,E-006,0,908,81,Fault
2026-03-02 00:00,Epsilon,E-007,2.62,613,69,Operational
2026-03-02 00:00,Epsilon,E-008,3.23,675,45,Operational
2026-03-02 00:00,Epsilon,E-009,0,619,84,Fault
2026-03-02 00:00,Epsilon,E-010,0,754,85,Fault
2026-03-02 01:00,Alpha,A-001,0,814,78,Fault
2026-03-02 01:00,Alpha,A-002,1.97,507,74,Operational
2026-03-02 01:00,Alpha,A-003,3.85,863,40,Operational
2026-03-02 01:00,Alpha,A-004,3.68,799,37,Operational
2026-03-02 01:00,Alpha,A-005,0,740,85,Fault
2026-03-02 01:00,Alpha,A-006,2.08,440,38,Operational
2026-03-02 01:00,Alpha,A-007,1.5,648,37,Degraded
2026-03-02 01:00,Alpha,A-008,0,946,81,Fault
2026-03-02 01:00,Alpha,A-009,0,990,71,Fault
2026-03-02 01:00,Alpha,A-010,1.79,912,72,Degraded
2026-03-02 01:00,Beta,B-001,3.82,907,51,Operational
2026-03-02 01:00,Beta,B-002,2.02,909,45,Degraded
2026-03-02 01:00,Beta,B-003,2.67,573,64,Operational
2026-03-02 01:00,Beta,B-004,1.93,861,75,Degraded
2026-03-02 01:00,Beta,B-005,0.97,761,61,Degraded
2026-03-02 01:00,Beta,B-006,0,878,70,Fault
2026-03-02 01:00,Beta,B-007,3.35,729,39,Operational
2026-03-02 01:00,Beta,B-008,0,466,73,Fault
2026-03-02 01:00,Beta,B-009,0,791,74,Fault
2026-03-02 01:00,Beta,B-010,2.24,483,60,Operational
2026-03-02 01:00,Gamma,G-001,3.32,929,41,Operational
2026-03-02 01:00,Gamma,G-002,1.47,714,50,Degraded
2026-03-02 01:00,Gamma,G-003,0,462,82,Fault
2026-03-02 01:00,Gamma,G-004,3.64,741,40,Operational
2026-03-02 01:00,Gamma,G-005,2.07,996,57,Degraded
2026-03-02 01:00,Gamma,G-006,1.92,445,43,Operational
2026-03-02 01:00,Gamma,G-007,1.87,476,68,Operational
2026-03-02 01:00,Gamma,G-008,4.4,941,63,Operational
2026-03-02 01:00,Gamma,G-009,0,435,84,Fault
2026-03-02 01:00,Gamma,G-010,2.11,474,49,Operational
2026-03-02 01:00,Delta,D-001,3.34,866,51,Operational
2026-03-02 01:00,Delta,D-002,0,699,85,Fault
2026-03-02 01:00,Delta,D-003,0,935,75,Fault
2026-03-02 01:00,Delta,D-004,1.17,560,55,Degraded
2026-03-02 01:00,Delta,D-005,1.79,410,62,Operational
2026-03-02 01:00,Delta,D-006,0,570,78,Fault
2026-03-02 01:00,Delta,D-007,2.45,620,38,Operational
2026-03-02 01:00,Delta,D-008,0,996,77,Fault
2026-03-02 01:00,Delta,D-009,1.94,450,69,Operational
2026-03-02 01:00,Delta,D-010,0,835,79,Fault
2026-03-02 01:00,Epsilon,E-001,1.13,470,54,Degraded
2026-03-02 01:00,Epsilon,E-002,3.38,962,42,Operational
2026-03-02 01:00,Epsilon,E-003,0,788,82,Fault
2026-03-02 01:00,Epsilon,E-004,1.75,955,74,Degraded
2026-03-02 01:00,Epsilon,E-005,3.99,846,40,Operational
2026-03-02 01:00,Epsilon,E-006,0,524,71,Fault
2026-03-02 01:00,Epsilon,E-007,0,855,83,Fault
2026-03-02 01:00,Epsilon,E-008,4.16,856,56,Operational
2026-03-02 01:00,Epsilon,E-009,2.03,541,46,Operational
2026-03-02 01:00,Epsilon,E-010,2.76,697,53,Operational
2026-03-02 02:00,Alpha,A-001,2.48,678,60,Operational
2026-03-02 02:00,Alpha,A-002,2.53,652,73,Operational
2026-03-02 02:00,Alpha,A-003,2.68,645,44,Operational
2026-03-02 02:00,Alpha,A-004,2.65,712,75,Operational
2026-03-02 02:00,Alpha,A-005,0,764,81,Fault
2026-03-02 02:00,Alpha,A-006,2.02,572,66,Operational
2026-03-02 02:00,Alpha,A-007,0,590,72,Fault
2026-03-02 02:00,Alpha,A-008,1.32,948,74,Degraded
2026-03-02 02:00,Alpha,A-009,0,464,79,Fault
2026-03-02 02:00,Alpha,A-010,3.53,804,54,Operational
2026-03-02 02:00,Beta,B-001,1.84,430,50,Operational
2026-03-02 02:00,Beta,B-002,3.09,697,49,Operational
2026-03-02 02:00,Beta,B-003,3.75,843,51,Operational
2026-03-02 02:00,Beta,B-004,0,920,85,Fault
2026-03-02 02:00,Beta,B-005,3.89,966,50,Operational
2026-03-02 02:00,Beta,B-006,0,993,82,Fault
2026-03-02 02:00,Beta,B-007,0,964,85,Fault
2026-03-02 02:00,Beta,B-008,1.59,847,67,Degraded
2026-03-02 02:00,Beta,B-009,2.36,976,48,Degraded
2026-03-02 02:00,Beta,B-010,3.79,778,41,Operational
2026-03-02 02:00,Gamma,G-001,0,961,73,Fault
2026-03-02 02:00,Gamma,G-002,2.34,499,52,Operational
2026-03-02 02:00,Gamma,G-003,3.96,837,47,Operational
2026-03-02 02:00,Gamma,G-004,1.15,639,45,Degraded
2026-03-02 02:00,Gamma,G-005,1.93,817,43,Degraded
2026-03-02 02:00,Gamma,G-006,2.77,687,43,Operational
2026-03-02 02:00,Gamma,G-007,4.12,892,35,Operational
2026-03-02 02:00,Gamma,G-008,3.32,757,63,Operational
2026-03-02 02:00,Gamma,G-009,2.34,551,68,Operational
2026-03-02 02:00,Gamma,G-010,3.62,891,75,Operational
2026-03-02 02:00,Delta,D-001,3.91,846,71,Operational
2026-03-02 02:00,Delta,D-002,0,624,72,Fault
2026-03-02 02:00,Delta,D-003,1.12,661,54,Degraded
2026-03-02 02:00,Delta,D-004,2.96,625,38,Operational
2026-03-02 02:00,Delta,D-005,3.77,840,44,Operational
2026-03-02 02:00,Delta,D-006,0,665,81,Fault
2026-03-02 02:00,Delta,D-007,0,702,84,Fault
2026-03-02 02:00,Delta,D-008,0,984,76,Fault
2026-03-02 02:00,Delta,D-009,2.86,759,41,Operational
2026-03-02 02:00,Delta,D-010,3.44,837,64,Operational
2026-03-02 02:00,Epsilon,E-001,2.62,729,74,Operational
2026-03-02 02:00,Epsilon,E-002,0,623,73,Fault
2026-03-02 02:00,Epsilon,E-003,2.42,633,57,Operational
2026-03-02 02:00,Epsilon,E-004,1.46,707,37,Degraded
2026-03-02 02:00,Epsilon,E-005,1.78,476,66,Operational
2026-03-02 02:00,Epsilon,E-006,1.66,415,71,Operational
2026-03-02 02:00,Epsilon,E-007,1.28,744,41,Degraded
2026-03-02 02:00,Epsilon,E-008,4.64,997,40,Operational
2026-03-02 02:00,Epsilon,E-009,1.72,411,74,Operational
2026-03-02 02:00,Epsilon,E-010,0,642,85,Fault
2026-03-02 03:00,Alpha,A-001,2.51,507,50,Operational
2026-03-02 03:00,Alpha,A-002,3.31,779,37,Operational
2026-03-02 03:00,Alpha,A-003,4.12,860,38,Operational
2026-03-02 03:00,Alpha,A-004,2.64,685,48,Operational
2026-03-02 03:00,Alpha,A-005,2.13,467,38,Operational
2026-03-02 03:00,Alpha,A-006,2.05,509,56,Operational
2026-03-02 03:00,Alpha,A-007,0,566,78,Fault
2026-03-02 03:00,Alpha,A-008,1.57,441,73,Operational
2026-03-02 03:00,Alpha,A-009,2.79,755,55,Operational
2026-03-02 03:00,Alpha,A-010,3.1,657,68,Operational
2026-03-02 03:00,Beta,B-001,1.06,452,65,Degraded
2026-03-02 03:00,Beta,B-002,0,729,80,Fault
2026-03-02 03:00,Beta,B-003,2.26,496,63,Operational
2026-03-02 03:00,Beta,B-004,0,486,82,Fault
2026-03-02 03:00,Beta,B-005,2.42,652,66,Operational
2026-03-02 03:00,Beta,B-006,3.57,881,73,Operational
2026-03-02 03:00,Beta,B-007,2.75,576,53,Operational
2026-03-02 03:00,Beta,B-008,0,665,85,Fault
2026-03-02 03:00,Beta,B-009,0.72,439,49,Degraded
2026-03-02 03:00,Beta,B-010,4.37,880,59,Operational
2026-03-02 03:00,Gamma,G-001,4.42,907,49,Operational
2026-03-02 03:00,Gamma,G-002,4.15,850,65,Operational
2026-03-02 03:00,Gamma,G-003,0.62,469,45,Degraded
2026-03-02 03:00,Gamma,G-004,2.45,692,52,Operational
2026-03-02 03:00,Gamma,G-005,2.45,622,42,Operational
2026-03-02 03:00,Gamma,G-006,2.64,558,46,Operational
2026-03-02 03:00,Gamma,G-007,1.44,601,69,Degraded
2026-03-02 03:00,Gamma,G-008,3.95,917,42,Operational
2026-03-02 03:00,Gamma,G-009,0,949,74,Fault
2026-03-02 03:00,Gamma,G-010,1.88,424,75,Operational
2026-03-02 03:00,Delta,D-001,1.11,582,40,Degraded
2026-03-02 03:00,Delta,D-002,0,590,75,Fault
2026-03-02 03:00,Delta,D-003,1.75,455,43,Operational
2026-03-02 03:00,Delta,D-004,2.1,532,53,Operational
2026-03-02 03:00,Delta,D-005,1.79,843,44,Degraded
2026-03-02 03:00,Delta,D-006,2.77,564,40,Operational
2026-03-02 03:00,Delta,D-007,2.37,601,67,Operational
2026-03-02 03:00,Delta,D-008,0,618,82,Fault
2026-03-02 03:00,Delta,D-009,1.33,797,54,Degraded
2026-03-02 03:00,Delta,D-010,1.72,988,63,Degraded
2026-03-02 03:00,Epsilon,E-001,2.83,733,43,Operational
2026-03-02 03:00,Epsilon,E-002,0,883,81,Fault
2026-03-02 03:00,Epsilon,E-003,1.18,770,69,Degraded
2026-03-02 03:00,Epsilon,E-004,1.14,590,73,Degraded
2026-03-02 03:00,Epsilon,E-005,4.48,973,57,Operational
2026-03-02 03:00,Epsilon,E-006,0,861,75,Fault
2026-03-02 03:00,Epsilon,E-007,1.42,405,63,Operational
2026-03-02 03:00,Epsilon,E-008,2.64,671,35,Operational
2026-03-02 03:00,Epsilon,E-009,3.32,868,45,Operational
2026-03-02 03:00,Epsilon,E-010,0,779,82,Fault
2026-03-02 04:00,Alpha,A-001,1.81,459,41,Operational
2026-03-02 04:00,Alpha,A-002,1.92,427,67,Operational
2026-03-02 04:00,Alpha,A-003,2.66,688,36,Operational
2026-03-02 04:00,Alpha,A-004,3.21,755,59,Operational
2026-03-02 04:00,Alpha,A-005,1.87,414,42,Operational
2026-03-02 04:00,Alpha,A-006,0,526,75,Fault
2026-03-02 04:00,Alpha,A-007,2.37,553,47,Operational
2026-03-02 04:00,Alpha,A-008,0,827,72,Fault
2026-03-02 04:00,Alpha,A-009,4.14,977,55,Operational
2026-03-02 04:00,Alpha,A-010,1.07,462,69,Degraded
2026-03-02 04:00,Beta,B-001,1.86,433,50,Operational
2026-03-02 04:00,Beta,B-002,0,583,77,Fault
2026-03-02 04:00,Beta,B-003,0.9,411,67,Degraded
2026-03-02 04:00,Beta,B-004,2.19,870,42,Degraded
2026-03-02 04:00,Beta,B-005,3.69,750,42,Operational
2026-03-02 04:00,Beta,B-006,4.07,920,69,Operational
2026-03-02 04:00,Beta,B-007,2.39,568,43,Operational
2026-03-02 04:00,Beta,B-008,1.89,674,65,Degraded
2026-03-02 04:00,Beta,B-009,0.79,436,55,Degraded
2026-03-02 04:00,Beta,B-010,4.22,952,55,Operational
2026-03-02 04:00,Gamma,G-001,0,519,73,Fault
2026-03-02 04:00,Gamma,G-002,0,539,85,Fault
2026-03-02 04:00,Gamma,G-003,0,920,80,Fault
2026-03-02 04:00,Gamma,G-004,0.92,408,49,Degraded
2026-03-02 04:00,Gamma,G-005,0.99,792,64,Degraded
2026-03-02 04:00,Gamma,G-006,3.72,777,58,Operational
2026-03-02 04:00,Gamma,G-007,1.05,431,40,Degraded
2026-03-02 04:00,Gamma,G-008,0,614,76,Fault
2026-03-02 04:00,Gamma,G-009,2.82,801,50,Operational
2026-03-02 04:00,Gamma,G-010,2.48,636,48,Operational
2026-03-02 04:00,Delta,D-001,3.29,913,49,Operational
2026-03-02 04:00,Delta,D-002,1.15,521,67,Degraded
2026-03-02 04:00,Delta,D-003,0,891,83,Fault
2026-03-02 04:00,Delta,D-004,0,796,73,Fault
2026-03-02 04:00,Delta,D-005,3.03,656,56,Operational
2026-03-02 04:00,Delta,D-006,2.74,582,70,Operational
2026-03-02 04:00,Delta,D-007,2.12,430,56,Operational
2026-03-02 04:00,Delta,D-008,3.43,935,66,Operational
2026-03-02 04:00,Delta,D-009,2.47,573,39,Operational
2026-03-02 04:00,Delta,D-010,0,464,85,Fault
2026-03-02 04:00,Epsilon,E-001,0,652,79,Fault
2026-03-02 04:00,Epsilon,E-002,2.01,538,71,Operational
2026-03-02 04:00,Epsilon,E-003,0,936,80,Fault
2026-03-02 04:00,Epsilon,E-004,2.94,630,46,Operational
2026-03-02 04:00,Epsilon,E-005,0,773,70,Fault
2026-03-02 04:00,Epsilon,E-006,2.18,465,69,Operational
2026-03-02 04:00,Epsilon,E-007,2.24,943,67,Degraded
2026-03-02 04:00,Epsilon,E-008,0,859,74,Fault
2026-03-02 04:00,Epsilon,E-009,0,506,70,Fault
2026-03-02 04:00,Epsilon,E-010,0.6,404,50,Degraded
2026-03-02 05:00,Alpha,A-001,0,813,72,Fault
2026-03-02 05:00,Alpha,A-002,1.69,407,53,Operational
2026-03-02 05:00,Alpha,A-003,0,578,83,Fault
2026-03-02 05:00,Alpha,A-004,0,887,72,Fault
2026-03-02 05:00,Alpha,A-005,2.4,626,53,Operational
2026-03-02 05:00,Alpha,A-006,0,774,70,Fault
2026-03-02 05:00,Alpha,A-007,3.5,893,42,Operational
2026-03-02 05:00,Alpha,A-008,0,671,78,Fault
2026-03-02 05:00,Alpha,A-009,1.95,451,67,Operational
2026-03-02 05:00,Alpha,A-010,0,403,80,Fault
2026-03-02 05:00,Beta,B-001,0.88,593,52,Degraded
2026-03-02 05:00,Beta,B-002,1.72,432,50,Operational
2026-03-02 05:00,Beta,B-003,2.19,868,37,Degraded
2026-03-02 05:00,Beta,B-004,2.13,594,41,Operational
2026-03-02 05:00,Beta,B-005,3.77,947,44,Operational
2026-03-02 05:00,Beta,B-006,1.6,449,40,Operational
2026-03-02 05:00,Beta,B-007,2.76,782,57,Operational
2026-03-02 05:00,Beta,B-008,1.65,830,68,Degraded
2026-03-02 05:00,Beta,B-009,2.96,735,58,Operational
2026-03-02 05:00,Beta,B-010,3.68,836,52,Operational
2026-03-02 05:00,Gamma,G-001,2.26,513,64,Operational
2026-03-02 05:00,Gamma,G-002,0,714,81,Fault
2026-03-02 05:00,Gamma,G-003,0,512,70,Fault
2026-03-02 05:00,Gamma,G-004,2.66,543,60,Operational
2026-03-02 05:00,Gamma,G-005,2.12,432,38,Operational
2026-03-02 05:00,Gamma,G-006,1.52,988,75,Degraded
2026-03-02 05:00,Gamma,G-007,0,467,81,Fault
2026-03-02 05:00,Gamma,G-008,0,432,74,Fault
2026-03-02 05:00,Gamma,G-009,2.53,514,43,Operational
2026-03-02 05:00,Gamma,G-010,3.56,949,63,Operational
2026-03-02 05:00,Delta,D-001,0,476,78,Fault
2026-03-02 05:00,Delta,D-002,0,992,80,Fault
2026-03-02 05:00,Delta,D-003,3.19,711,72,Operational
2026-03-02 05:00,Delta,D-004,0,857,70,Fault
2026-03-02 05:00,Delta,D-005,3.13,747,45,Operational
2026-03-02 05:00,Delta,D-006,3.3,781,43,Operational
2026-03-02 05:00,Delta,D-007,1.01,651,42,Degraded
2026-03-02 05:00,Delta,D-008,3.69,904,58,Operational
2026-03-02 05:00,Delta,D-009,0,648,75,Fault
2026-03-02 05:00,Delta,D-010,2.56,514,68,Operational
2026-03-02 05:00,Epsilon,E-001,0,759,71,Fault
2026-03-02 05:00,Epsilon,E-002,3.49,818,58,Operational
2026-03-02 05:00,Epsilon,E-003,4.27,989,43,Operational
2026-03-02 05:00,Epsilon,E-004,0,585,76,Fault
2026-03-02 05:00,Epsilon,E-005,0,735,84,Fault
2026-03-02 05:00,Epsilon,E-006,3.92,851,74,Operational
2026-03-02 05:00,Epsilon,E-007,1.89,440,55,Operational
2026-03-02 05:00,Epsilon,E-008,2.51,556,67,Operational
2026-03-02 05:00,Epsilon,E-009,1.91,440,56,Operational
2026-03-02 05:00,Epsilon,E-010,1.33,811,56,Degraded
